chile|antofagasta-region|2023-11-01|28.51|14.22|38|264.06|99.41|8
chile|araucania|2023-11-01|31.36|11.35|34|289.0|241.01|5
chile|arica-y-parinacota-region|2023-11-01|28.22|15.18|54|230.22|94.53|8
chile|atacama-region|2023-11-01|32.94|14.68|34|231.64|123.99|9
chile|aysen|2023-11-01|0.0|0.0|0|204.37|145.7|12
chile|bio-bio-region|2023-11-01|29.41|12.28|29|290.62|233.51|5
chile|coquimbo-region|2023-11-01|30.47|13.59|29|234.07|148.07|7
chile|los-lagos-region|2023-11-01|25.12|11.41|37|232.28|162.89|7
chile|los-rios-region|2023-11-01|29.42|11.98|38|235.24|159.47|5
chile|magallanes-y-la-antartica-chilena-region|2023-11-01|32.13|15.34|59|198.9|107.68|38
chile|maule-region|2023-11-01|29.38|11.01|26|211.47|141.08|9
chile|o'higgins-region|2023-11-01|32.18|11.71|23|211.71|149.46|7
chile|santiago-metropolitan-region|2023-11-01|39.13|14.02|20|242.82|161.37|5
chile|tarapaca-region|2023-11-01|20.95|13.94|42|226.2|110.92|5
chile|valparaiso|2023-11-01|35.96|12.83|23|277.82|181.54|6
chile|antofagasta|2023-11-01|36.1|15.92|34|258.69|90.17|7
chile|calama|2023-11-01|0.0|0.0|0|285.62|95.64|10
chile|angol|2023-11-01|0.0|0.0|0|270.42|251.39|6
chile|padre-las-casas|2023-11-01|0.0|0.0|0|250.46|217.46|5
chile|temuco|2023-11-01|30.41|15.25|32|294.03|222.32|5
chile|victoria|2023-11-01|0.0|0.0|0|291.17|252.95|5
chile|arica|2023-11-01|0.0|0.0|0|237.0|94.63|8
chile|copiapo|2023-11-01|40.78|17.93|29|227.84|74.63|11
chile|vallenar|2023-11-01|0.0|0.0|0|260.54|234.46|6
chile|coyhaique|2023-11-01|0.0|0.0|0|227.62|159.75|12
chile|chiguayante|2023-11-01|0.0|0.0|0|263.82|212.25|3
chile|chillan|2023-11-01|52.16|19.83|26|246.71|98.86|10
chile|concepcion|2023-11-01|24.96|12.75|30|320.4|228.49|4
chile|coronel|2023-11-01|0.0|0.0|0|237.95|224.52|5
chile|hualpen|2023-11-01|0.0|0.0|0|251.37|83.35|6
chile|los-angeles|2023-11-01|0.0|0.0|0|233.45|151.72|6
chile|san-pedro-de-la-paz|2023-11-01|0.0|0.0|0|256.68|182.06|4
chile|talcahuano|2023-11-01|0.0|0.0|0|288.38|219.88|4
chile|coquimbo|2023-11-01|28.0|14.76|28|288.24|219.74|5
chile|illapel|2023-11-01|0.0|0.0|0|248.93|193.23|11
chile|la-serena|2023-11-01|40.36|16.11|27|251.18|100.26|7
chile|ovalle|2023-11-01|0.0|0.0|0|235.34|200.36|6
chile|ancud|2023-11-01|0.0|0.0|0|276.96|255.21|3
chile|castro|2023-11-01|0.0|0.0|0|203.08|162.56|5
chile|osorno|2023-11-01|0.0|0.0|0|246.86|152.03|7
chile|puerto-montt|2023-11-01|28.45|15.35|37|252.55|162.74|9
chile|puerto-varas|2023-11-01|0.0|0.0|0|255.47|186.2|5
chile|la-union|2023-11-01|0.0|0.0|0|273.07|268.43|6
chile|valdivia|2023-11-01|49.74|16.08|37|239.47|142.94|4
chile|puerto-natales|2023-11-01|0.0|0.0|0|200.42|127.88|40
chile|punta-arenas|2023-11-01|0.0|0.0|0|221.14|125.29|37
chile|constitucion|2023-11-01|0.0|0.0|0|222.33|125.3|9
chile|curico|2023-11-01|40.56|14.82|22|223.5|112.84|12
chile|linares|2023-11-01|0.0|0.0|0|204.27|94.51|8
chile|molina|2023-11-01|0.0|0.0|0|161.15|152.02|10
chile|parral|2023-11-01|0.0|0.0|0|258.24|248.21|5
chile|talca|2023-11-01|38.63|13.67|24|260.33|154.03|7
chile|machali|2023-11-01|0.0|0.0|0|235.39|179.41|5
chile|rancagua|2023-11-01|39.5|17.18|20|255.29|129.57|5
chile|rengo|2023-11-01|0.0|0.0|0|299.36|248.85|6
chile|san-fernando|2023-11-01|0.0|0.0|0|180.36|174.16|8
chile|san-vicente-de-tagua-tagua|2023-11-01|0.0|0.0|0|113.89|99.72|10
chile|santa-cruz|2023-11-01|0.0|0.0|0|255.82|265.36|9
chile|buin|2023-11-01|0.0|0.0|0|276.67|243.63|5
chile|chicureo|2023-11-01|0.0|0.0|0|245.1|182.9|4
chile|colina|2023-11-01|0.0|0.0|0|286.06|229.8|5
chile|conchali|2023-11-01|66.09|14.25|18|276.03|148.73|5
chile|el-bosque|2023-11-01|47.38|14.44|19|317.49|223.79|4
chile|estacion-central|2023-11-01|0.0|0.0|0|269.75|154.97|5
chile|huechuraba|2023-11-01|67.37|17.44|17|263.75|201.44|4
chile|la-cisterna|2023-11-01|32.89|13.81|18|241.0|29.34|9
chile|la-florida|2023-11-01|49.29|14.07|18|270.19|94.51|6
chile|la-granja|2023-11-01|0.0|0.0|0|276.66|249.28|5
chile|la-pintana|2023-11-01|0.0|0.0|0|236.22|193.98|4
chile|la-reina|2023-11-01|74.06|15.02|18|257.19|173.95|5
chile|lampa|2023-11-01|0.0|0.0|0|299.82|255.59|5
chile|las-condes|2023-11-01|63.53|18.27|17|242.67|133.78|5
chile|lo-barnechea|2023-11-01|43.76|10.86|18|219.06|155.56|5
chile|lo-espejo|2023-11-01|0.0|0.0|0|261.65|218.76|5
chile|lo-prado|2023-11-01|0.0|0.0|0|308.39|246.66|4
chile|los-cerrillos|2023-11-01|44.58|14.28|17|307.92|223.43|5
chile|macul|2023-11-01|54.8|12.69|19|310.22|227.84|5
chile|maipu|2023-11-01|35.84|12.77|18|275.23|151.76|6
chile|melipilla|2023-11-01|0.0|0.0|0|269.61|246.92|5
chile|padre-hurtado|2023-11-01|0.0|0.0|0|286.93|234.18|5
chile|paine|2023-11-01|0.0|0.0|0|270.67|275.6|6
chile|pedro-aguirre-cerda|2023-11-01|0.0|0.0|0|304.19|307.48|4
chile|penaflor|2023-11-01|0.0|0.0|0|271.04|211.27|5
chile|penalolen|2023-11-01|48.15|13.2|19|280.86|208.81|5
chile|pirque|2023-11-01|0.0|0.0|0|147.65|100.48|4
chile|providencia|2023-11-01|72.63|20.04|17|253.46|180.54|5
chile|pudahuel|2023-11-01|34.43|13.98|19|298.47|281.34|5
chile|puente-alto|2023-11-01|34.47|10.84|20|265.5|160.64|6
chile|quilicura|2023-11-01|41.25|13.63|18|260.47|206.73|5
chile|quinta-normal|2023-11-01|32.25|16.56|18|303.8|246.43|5
chile|recoleta|2023-11-01|45.48|15.4|18|247.68|52.82|8
chile|renca|2023-11-01|41.48|13.41|19|265.78|166.34|6
chile|san-bernardo|2023-11-01|33.42|11.7|19|283.15|240.9|4
chile|san-joaquin|2023-11-01|0.0|0.0|0|295.43|240.23|5
chile|san-miguel|2023-11-01|46.2|13.5|18|313.36|239.45|5
chile|santiago|2023-11-01|30.99|13.45|22|190.65|94.3|6
chile|santiago|2023-11-01|30.99|13.45|22|190.65|94.3|6
chile|talagante|2023-11-01|0.0|0.0|0|280.43|241.22|6
chile|valle-lo-campino|2023-11-01|0.0|0.0|0|250.32|168.16|4
chile|vitacura|2023-11-01|85.04|14.94|17|233.46|101.76|5
chile|nunoa|2023-11-01|64.66|15.59|17|303.89|234.65|5
chile|alto-hospicio|2023-11-01|0.0|0.0|0|270.48|193.28|4
chile|iquique|2023-11-01|22.46|17.31|41|233.92|105.93|5
chile|concon|2023-11-01|0.0|0.0|0|305.5|226.2|6
chile|el-quisco|2023-11-01|0.0|0.0|0|302.12|278.2|8
chile|la-calera|2023-11-01|0.0|0.0|0|260.18|185.49|8
chile|limache|2023-11-01|0.0|0.0|0|256.14|126.33|6
chile|los-andes|2023-11-01|0.0|0.0|0|297.26|273.62|6
chile|placilla|2023-11-01|0.0|0.0|0|331.96|283.88|5
chile|quillota|2023-11-01|0.0|0.0|0|260.62|60.9|8
chile|quilpue|2023-11-01|29.33|14.79|22|286.81|163.41|6
chile|san-antonio|2023-11-01|0.0|0.0|0|245.25|69.35|9
chile|san-felipe|2023-11-01|0.0|0.0|0|254.4|120.74|7
chile|valparaiso|2023-11-01|26.84|13.76|22|262.42|178.34|5
chile|villa-alemana|2023-11-01|0.0|0.0|0|338.97|261.61|6
chile|vina-del-mar|2023-11-01|36.86|16.44|21|248.52|60.47|9
china|anhui|2023-11-01|148.9|26.81|21|255.03|32.45|9
china|beijing|2023-11-01|230.36|35.54|16|296.32|39.36|6
china|chongqing|2023-11-01|181.7|36.72|28|243.24|34.35|15
china|fujian|2023-11-01|167.69|33.76|28|216.5|34.88|16
china|gansu|2023-11-01|142.96|32.26|32|290.24|46.82|15
china|guangdong|2023-11-01|135.24|22.83|33|155.01|32.93|16
china|guangxi|2023-11-01|89.88|25.85|37|184.65|52.08|25
china|guizhou|2023-11-01|83.77|28.35|34|159.92|35.44|23
china|hainan|2023-11-01|133.37|29.86|36|178.42|48.41|27
china|hebei|2023-11-01|144.14|30.18|30|334.16|59.12|15
china|heilongjiang|2023-11-01|189.47|27.53|38|224.38|38.67|27
china|henan|2023-11-01|155.39|32.83|23|296.42|61.75|10
china|hubei|2023-11-01|145.78|29.33|27|249.64|32.5|15
china|hunan|2023-11-01|102.79|27.52|23|195.87|35.0|10
china|inner-mongolia|2023-11-01|196.06|32.69|31|300.87|75.46|20
china|jiangsu|2023-11-01|186.41|27.02|21|285.07|55.47|8
china|jiangxi|2023-11-01|125.17|29.09|28|227.66|50.88|17
china|jilin|2023-11-01|166.02|23.99|36|253.32|41.35|23
china|liaoning|2023-11-01|174.83|23.43|32|283.74|36.88|15
china|ningxia|2023-11-01|217.17|36.16|32|325.35|89.89|19
china|qinghai|2023-11-01|137.4|33.72|35|315.4|43.65|19
china|shaanxi|2023-11-01|122.34|29.6|27|263.78|30.62|14
china|shandong|2023-11-01|172.14|30.89|32|271.55|39.24|20
china|shanghai|2023-11-01|222.38|33.07|17|263.35|56.91|5
china|shanxi|2023-11-01|182.54|32.64|28|266.81|45.68|18
china|sichuan|2023-11-01|125.66|29.54|23|249.66|63.04|10
china|tianjin|2023-11-01|211.77|40.45|18|327.23|50.47|8
china|xinjiang|2023-11-01|92.1|26.8|138|140.74|45.1|97
china|yunnan|2023-11-01|95.06|29.54|39|107.66|36.95|26
china|zhejiang|2023-11-01|206.7|34.23|20|249.37|37.28|8
china|anqing|2023-11-01|184.04|26.47|24|235.81|32.08|11
china|bengbu|2023-11-01|120.03|25.72|21|245.37|32.03|9
china|bozhou|2023-11-01|0.0|0.0|0|248.39|31.3|12
china|chizhou|2023-11-01|0.0|0.0|0|249.84|32.62|11
china|chuzhou|2023-11-01|155.33|23.0|22|258.9|32.67|10
china|fuyang|2023-11-01|149.13|32.7|22|255.6|30.37|11
china|hefei|2023-11-01|135.07|25.44|19|273.57|33.14|7
china|huaibei|2023-11-01|0.0|0.0|0|256.83|32.6|11
china|huainan|2023-11-01|190.43|23.84|21|217.37|29.91|9
china|huangshan|2023-11-01|0.0|0.0|0|128.54|32.1|12
china|lu'an|2023-11-01|191.6|26.34|21|229.03|30.22|9
china|ma'anshan|2023-11-01|179.93|32.51|22|312.21|33.98|10
china|suzhou|2023-11-01|0.0|0.0|0|221.63|33.25|11
china|tongling|2023-11-01|0.0|0.0|0|229.14|31.66|11
china|wuhu|2023-11-01|162.34|31.23|23|251.9|32.73|10
china|xuancheng|2023-11-01|0.0|0.0|0|254.4|32.43|12
china|beijing|2023-11-01|230.36|35.54|16|296.32|39.36|6
china|chongqing|2023-11-01|181.7|36.72|28|243.24|34.35|15
china|fuzhou|2023-11-01|165.51|31.81|27|244.66|36.45|15
china|longyan|2023-11-01|0.0|0.0|0|214.66|36.25|19
china|nanping|2023-11-01|0.0|0.0|0|229.23|34.4|21
china|ningde|2023-11-01|0.0|0.0|0|239.98|37.0|19
china|putian|2023-11-01|174.16|34.23|28|240.2|34.06|16
china|quanzhou|2023-11-01|159.68|34.14|30|194.65|34.62|16
china|sanming|2023-11-01|0.0|0.0|0|217.92|35.21|19
china|xiamen|2023-11-01|172.48|36.94|25|172.94|34.24|16
china|zhangzhou|2023-11-01|162.76|35.82|30|196.88|35.05|19
china|baiyin|2023-11-01|0.0|0.0|0|329.31|51.69|17
china|dingxi|2023-11-01|0.0|0.0|0|215.4|45.33|16
china|jiuquan|2023-11-01|0.0|0.0|0|271.2|43.15|25
china|lanzhou|2023-11-01|148.43|33.28|31|303.7|46.84|11
china|pingliang|2023-11-01|0.0|0.0|0|279.12|40.06|15
china|tianshui|2023-11-01|0.0|0.0|0|284.32|43.3|15
china|wuwei|2023-11-01|0.0|0.0|0|271.89|41.49|17
china|zhangye|2023-11-01|0.0|0.0|0|251.5|55.65|20
china|chaozhou|2023-11-01|105.04|13.22|40|125.89|20.87|20
china|dongguan|2023-11-01|131.27|18.96|32|137.44|29.99|14
china|foshan|2023-11-01|158.15|27.59|31|198.18|36.21|15
china|guangzhou|2023-11-01|127.86|25.9|32|157.64|34.36|14
china|heyuan|2023-11-01|0.0|0.0|0|134.33|27.24|17
china|huizhou|2023-11-01|113.04|15.28|35|108.48|27.21|16
china|jiangmen|2023-11-01|142.82|28.15|34|176.14|37.1|16
china|jieyang|2023-11-01|81.77|11.97|44|110.05|14.85|21
china|maoming|2023-11-01|153.71|28.88|37|135.16|34.74|21
china|meizhou|2023-11-01|0.0|0.0|0|106.39|22.67|21
china|qingyuan|2023-11-01|142.21|23.45|40|153.85|31.15|18
china|shantou|2023-11-01|118.29|12.89|38|93.14|14.43|21
china|shanwei|2023-11-01|0.0|0.0|0|104.91|12.1|19
china|shaoguan|2023-11-01|157.86|19.94|34|155.93|29.24|17
china|shenzhen|2023-11-01|118.03|16.16|34|138.39|29.09|16
china|yangjiang|2023-11-01|0.0|0.0|0|188.67|36.16|20
china|yunfu|2023-11-01|0.0|0.0|0|166.73|35.38|19
china|zhanjiang|2023-11-01|139.78|21.52|38|167.27|34.23|21
china|zhaoqing|2023-11-01|159.74|30.46|35|147.51|34.64|20
china|zhongshan|2023-11-01|190.58|25.72|34|204.46|37.22|16
china|zhuhai|2023-11-01|173.48|29.98|33|139.03|31.27|17
china|baise|2023-11-01|0.0|0.0|0|108.86|51.3|29
china|beihai|2023-11-01|0.0|0.0|0|132.49|50.45|27
china|chongzuo|2023-11-01|0.0|0.0|0|88.08|49.94|28
china|fangchenggang|2023-11-01|0.0|0.0|0|164.98|50.11|28
china|guigang|2023-11-01|97.2|21.29|39|229.44|53.96|25
china|guilin|2023-11-01|111.89|25.06|39|218.82|53.2|26
china|hechi|2023-11-01|0.0|0.0|0|124.0|49.97|28
china|hezhou|2023-11-01|0.0|0.0|0|187.52|49.37|28
china|laibin|2023-11-01|0.0|0.0|0|167.97|53.26|24
china|liuzhou|2023-11-01|95.93|26.56|37|242.23|57.89|23
china|nanning|2023-11-01|82.72|23.55|35|157.28|51.79|23
china|qinzhou|2023-11-01|86.05|25.8|38|110.09|49.38|27
china|wuzhou|2023-11-01|134.16|32.77|38|194.74|51.89|26
china|yulin|2023-11-01|128.23|31.25|39|261.05|52.07|25
china|anshun|2023-11-01|0.0|0.0|0|108.22|35.5|23
china|bijie|2023-11-01|0.0|0.0|0|154.5|33.62|25
china|guiyang|2023-11-01|92.07|27.42|30|153.99|35.44|19
china|liupanshui|2023-11-01|0.0|0.0|0|174.15|35.14|24
china|qiandongnan|2023-11-01|0.0|0.0|0|252.89|35.58|25
china|qiannan|2023-11-01|0.0|0.0|0|116.1|35.0|26
china|qianxinan|2023-11-01|0.0|0.0|0|186.91|38.31|26
china|tongren|2023-11-01|0.0|0.0|0|170.04|35.45|25
china|zunyi|2023-11-01|84.3|29.99|36|175.19|35.68|24
china|danzhou|2023-11-01|0.0|0.0|0|155.91|40.25|30
china|haikou|2023-11-01|138.39|32.75|36|253.37|54.29|24
china|sanya|2023-11-01|0.0|0.0|0|92.69|39.41|31
china|baoding|2023-11-01|121.82|29.2|29|342.51|59.36|15
china|cangzhou|2023-11-01|123.78|26.61|32|317.22|54.37|14
china|chengde|2023-11-01|0.0|0.0|0|338.72|56.62|20
china|handan|2023-11-01|131.39|26.45|32|328.58|56.95|16
china|hengshui|2023-11-01|207.73|42.66|27|324.82|55.99|16
china|langfang|2023-11-01|147.57|32.78|28|348.32|65.82|14
china|qinhuangdao|2023-11-01|146.38|35.21|33|349.83|60.68|20
china|shijiazhuang|2023-11-01|149.5|31.39|28|324.48|59.92|13
china|tangshan|2023-11-01|120.68|28.58|29|349.68|59.32|18
china|xingtai|2023-11-01|103.72|20.62|30|319.22|59.6|16
china|zhangjiakou|2023-11-01|170.71|29.32|32|309.13|56.56|19
china|daqing|2023-11-01|0.0|0.0|0|246.76|37.3|28
china|harbin|2023-11-01|208.28|26.6|36|215.49|37.19|25
china|jiamusi|2023-11-01|0.0|0.0|0|155.31|61.59|26
china|mudanjiang|2023-11-01|0.0|0.0|0|255.22|38.53|30
china|qiqihar|2023-11-01|0.0|0.0|0|274.17|40.59|29
china|suihua|2023-11-01|0.0|0.0|0|207.17|38.99|27
china|anyang|2023-11-01|166.76|29.5|23|289.09|59.86|11
china|hebi|2023-11-01|0.0|0.0|0|279.29|54.29|10
china|jiaozuo|2023-11-01|122.13|32.63|21|249.4|59.78|10
china|kaifeng|2023-11-01|127.28|29.45|24|311.78|60.32|10
china|luohe|2023-11-01|0.0|0.0|0|278.72|58.88|10
china|luoyang|2023-11-01|205.0|38.28|21|316.09|63.06|9
china|nanyang|2023-11-01|143.93|27.38|26|261.54|61.56|13
china|pingdingshan|2023-11-01|134.89|26.08|26|312.2|62.95|12
china|puyang|2023-11-01|119.54|29.92|27|283.25|60.33|11
china|sanmenxia|2023-11-01|0.0|0.0|0|327.29|63.47|11
china|shangqiu|2023-11-01|176.94|34.7|25|278.11|62.18|12
china|xinxiang|2023-11-01|160.38|30.55|21|284.14|57.58|10
china|xinyang|2023-11-01|165.74|31.5|28|317.47|51.3|14
china|xuchang|2023-11-01|158.84|38.15|23|284.78|59.92|10
china|zhengzhou|2023-11-01|154.26|33.85|21|314.19|62.66|8
china|zhoukou|2023-11-01|116.2|29.14|26|254.3|55.42|11
china|zhumadian|2023-11-01|149.27|28.4|28|267.78|55.44|13
china|enshi|2023-11-01|0.0|0.0|0|213.28|33.64|22
china|ezhou|2023-11-01|0.0|0.0|0|247.66|32.63|15
china|huanggang|2023-11-01|96.62|23.27|30|172.48|31.36|16
china|huangshi|2023-11-01|0.0|0.0|0|179.71|30.74|14
china|jingmen|2023-11-01|0.0|0.0|0|245.61|30.55|18
china|jingzhou|2023-11-01|130.44|25.69|29|163.51|29.96|18
china|shiyan|2023-11-01|94.17|27.1|34|294.98|33.11|21
china|suizhou|2023-11-01|0.0|0.0|0|202.49|29.55|18
china|wuhan|2023-11-01|155.73|30.22|26|264.52|32.76|13
china|xiangyang|2023-11-01|145.49|29.24|27|257.86|32.78|18
china|xianning|2023-11-01|0.0|0.0|0|177.63|33.52|16
china|xiaogan|2023-11-01|131.46|28.41|31|235.21|31.68|18
china|yichang|2023-11-01|156.64|31.85|29|214.27|32.67|18
china|changde|2023-11-01|123.67|30.21|25|228.8|36.34|12
china|changsha|2023-11-01|126.18|28.28|20|205.06|34.97|9
china|chenzhou|2023-11-01|80.0|28.86|27|197.7|35.57|12
china|hengyang|2023-11-01|51.56|22.77|25|161.68|34.48|10
china|huaihua|2023-11-01|0.0|0.0|0|182.75|34.81|16
china|loudi|2023-11-01|94.98|25.73|23|201.51|36.17|11
china|shaoyang|2023-11-01|71.07|29.89|23|226.43|35.76|12
china|xiangtan|2023-11-01|93.3|29.07|20|164.32|35.41|8
china|xiangxi|2023-11-01|0.0|0.0|0|96.52|34.66|15
china|yiyang|2023-11-01|0.0|0.0|0|114.58|33.59|12
china|yongzhou|2023-11-01|93.18|25.8|25|170.68|34.3|12
china|yueyang|2023-11-01|72.36|22.9|25|186.29|34.81|12
china|zhangjiajie|2023-11-01|0.0|0.0|0|86.46|30.42|15
china|zhuzhou|2023-11-01|122.5|29.04|23|207.08|35.42|9
china|baotou|2023-11-01|196.01|40.04|28|312.74|88.06|18
china|bayan-nur|2023-11-01|0.0|0.0|0|337.37|95.54|24
china|chifeng|2023-11-01|0.0|0.0|0|302.51|65.36|26
china|hohhot|2023-11-01|224.1|36.77|27|316.32|74.27|16
china|hulun-buir|2023-11-01|0.0|0.0|0|225.09|49.2|38
china|ordos|2023-11-01|0.0|0.0|0|252.04|80.52|22
china|tongliao|2023-11-01|0.0|0.0|0|296.72|72.91|21
china|ulanqab|2023-11-01|0.0|0.0|0|271.01|63.36|17
china|changzhou|2023-11-01|189.74|28.72|20|259.48|56.41|8
china|huai'an|2023-11-01|148.7|21.21|25|274.58|55.71|11
china|lianyungang|2023-11-01|164.08|25.57|28|330.31|61.64|15
china|nanjing|2023-11-01|196.14|27.92|18|275.66|53.84|6
china|nantong|2023-11-01|164.18|26.81|22|291.83|57.93|10
china|suqian|2023-11-01|175.03|30.92|26|333.73|58.19|14
china|suzhou|2023-11-01|183.83|25.85|21|289.52|55.4|9
china|taizhou|2023-11-01|197.78|28.5|22|265.02|57.39|9
china|wuxi|2023-11-01|198.12|27.42|20|260.83|47.31|7
china|xuzhou|2023-11-01|150.43|22.38|26|255.86|56.65|13
china|yancheng|2023-11-01|153.34|26.96|24|351.76|63.62|15
china|yangzhou|2023-11-01|186.45|25.99|22|279.38|55.11|8
china|zhenjiang|2023-11-01|199.56|26.28|20|289.46|55.82|7
china|fuzhou|2023-11-01|0.0|0.0|0|196.37|49.66|19
china|ganzhou|2023-11-01|111.87|29.09|33|227.61|53.76|22
china|ji'an|2023-11-01|98.86|26.16|28|144.83|51.52|19
china|jingdezhen|2023-11-01|0.0|0.0|0|196.64|43.48|18
china|jiujiang|2023-11-01|132.8|26.76|31|210.49|46.1|18
china|nanchang|2023-11-01|143.89|29.88|24|242.71|48.3|14
china|pingxiang|2023-11-01|0.0|0.0|0|218.86|55.48|18
china|shangrao|2023-11-01|108.71|26.7|32|203.11|52.96|20
china|xinyu|2023-11-01|0.0|0.0|0|344.97|58.76|18
china|yichun|2023-11-01|95.36|27.76|30|176.8|52.7|19
china|baishan|2023-11-01|0.0|0.0|0|241.9|46.23|27
china|changchun|2023-11-01|147.16|23.73|34|275.31|43.32|22
china|jilin|2023-11-01|0.0|0.0|0|211.59|39.44|23
china|siping|2023-11-01|0.0|0.0|0|247.15|40.4|25
china|songyuan|2023-11-01|0.0|0.0|0|243.92|38.73|25
china|tonghua|2023-11-01|0.0|0.0|0|302.41|40.54|27
china|yanbian|2023-11-01|0.0|0.0|0|226.53|39.33|25
china|anshan|2023-11-01|0.0|0.0|0|255.66|36.45|17
china|benxi|2023-11-01|0.0|0.0|0|239.06|34.62|17
china|chaoyang|2023-11-01|0.0|0.0|0|298.34|38.4|17
china|dalian|2023-11-01|167.18|22.21|32|313.79|35.72|16
china|dandong|2023-11-01|0.0|0.0|0|201.58|36.69|18
china|fushun|2023-11-01|0.0|0.0|0|232.39|37.92|18
china|fuxin|2023-11-01|0.0|0.0|0|322.03|37.55|18
china|huludao|2023-11-01|0.0|0.0|0|247.42|35.91|18
china|jinzhou|2023-11-01|0.0|0.0|0|201.88|35.8|19
china|liaoyang|2023-11-01|0.0|0.0|0|210.29|37.72|17
china|panjin|2023-11-01|0.0|0.0|0|289.11|37.8|17
china|shenyang|2023-11-01|191.07|24.65|30|293.31|37.53|10
china|tieling|2023-11-01|0.0|0.0|0|248.28|33.84|17
china|yingkou|2023-11-01|0.0|0.0|0|245.83|37.5|16
china|guyuan|2023-11-01|0.0|0.0|0|298.36|86.02|22
china|shizuishan|2023-11-01|0.0|0.0|0|262.4|80.71|19
china|wuzhong|2023-11-01|0.0|0.0|0|259.21|86.34|21
china|yinchuan|2023-11-01|253.72|34.56|31|361.37|94.02|19
china|zhongwei|2023-11-01|0.0|0.0|0|237.36|68.94|20
china|xining|2023-11-01|187.08|43.23|34|336.5|43.66|17
china|ankang|2023-11-01|0.0|0.0|0|329.59|29.81|21
china|baoji|2023-11-01|134.97|33.51|26|274.35|30.51|18
china|hanzhong|2023-11-01|0.0|0.0|0|266.47|30.85|20
china|shangluo|2023-11-01|0.0|0.0|0|224.84|29.81|21
china|weinan|2023-11-01|112.37|28.23|32|302.44|30.41|17
china|xi'an|2023-11-01|120.47|29.71|26|261.53|30.76|14
china|xianyang|2023-11-01|97.59|24.88|26|246.74|30.55|16
china|yan'an|2023-11-01|0.0|0.0|0|191.01|29.98|22
china|yulin|2023-11-01|0.0|0.0|0|259.67|30.42|23
china|binzhou|2023-11-01|110.99|28.21|34|261.75|38.69|22
china|dezhou|2023-11-01|123.78|25.54|35|208.14|37.29|22
china|dongying|2023-11-01|150.28|32.45|33|279.88|42.96|21
china|heze|2023-11-01|131.16|21.94|35|246.29|36.28|23
china|jinan|2023-11-01|197.59|36.8|30|283.92|42.93|20
china|jining|2023-11-01|119.35|24.97|35|257.72|39.24|21
china|liaocheng|2023-11-01|136.38|31.51|36|243.44|37.46|23
china|linyi|2023-11-01|142.99|26.73|33|263.73|38.76|21
china|qingdao|2023-11-01|175.84|30.72|29|276.19|43.37|17
china|rizhao|2023-11-01|134.45|26.62|36|279.41|36.23|21
china|tai'an|2023-11-01|173.86|30.48|32|244.41|35.72|21
china|weifang|2023-11-01|170.31|32.45|33|282.46|38.69|20
china|weihai|2023-11-01|214.35|39.99|32|255.47|40.42|21
china|yantai|2023-11-01|187.06|30.17|32|262.5|40.44|21
china|zaozhuang|2023-11-01|127.87|27.14|37|279.63|40.03|22
china|zibo|2023-11-01|206.01|30.48|32|287.95|36.31|20
china|shanghai|2023-11-01|222.38|33.07|17|263.35|56.91|5
china|changzhi|2023-11-01|0.0|0.0|0|238.93|40.09|20
china|datong|2023-11-01|0.0|0.0|0|259.84|43.78|20
china|jincheng|2023-11-01|0.0|0.0|0|238.33|49.52|21
china|jinzhong|2023-11-01|145.79|28.98|28|229.17|47.66|17
china|linfen|2023-11-01|0.0|0.0|0|248.48|48.98|22
china|lvliang|2023-11-01|0.0|0.0|0|286.97|48.51|19
china|shuozhou|2023-11-01|0.0|0.0|0|310.53|47.79|20
china|taiyuan|2023-11-01|191.54|36.34|25|292.0|43.65|15
china|xinzhou|2023-11-01|0.0|0.0|0|273.55|46.67|18
china|yangquan|2023-11-01|0.0|0.0|0|269.68|48.07|17
china|yuncheng|2023-11-01|200.08|29.23|31|255.22|42.17|22
china|bazhong|2023-11-01|0.0|0.0|0|154.39|63.08|12
china|chengdu|2023-11-01|125.25|29.31|21|263.66|63.05|8
china|dazhou|2023-11-01|138.18|27.32|27|216.8|66.44|14
china|deyang|2023-11-01|114.52|32.11|25|248.14|60.24|10
china|guang'an|2023-11-01|94.21|29.28|31|234.78|61.33|13
china|guangyuan|2023-11-01|0.0|0.0|0|156.44|61.79|13
china|leshan|2023-11-01|116.65|28.25|24|198.93|60.54|10
china|liangshan|2023-11-01|0.0|0.0|0|102.2|54.31|15
china|luzhou|2023-11-01|137.46|34.65|27|207.07|62.43|12
china|meishan|2023-11-01|118.56|30.24|24|209.93|63.13|9
china|mianyang|2023-11-01|167.72|35.11|25|241.24|65.84|12
china|nanchong|2023-11-01|88.22|25.74|31|184.86|58.85|13
china|neijiang|2023-11-01|143.72|27.93|25|224.64|64.4|10
china|panzhihua|2023-11-01|0.0|0.0|0|127.68|51.32|17
china|suining|2023-11-01|0.0|0.0|0|194.28|63.06|11
china|ya'an|2023-11-01|0.0|0.0|0|134.77|58.46|9
china|yibin|2023-11-01|107.83|27.84|28|194.74|63.36|12
china|zigong|2023-11-01|170.05|28.72|23|245.64|64.51|9
china|ziyang|2023-11-01|0.0|0.0|0|206.77|63.37|12
china|tianjin|2023-11-01|211.77|40.45|18|327.23|50.47|8
china|urumqi|2023-11-01|99.27|29.1|199|180.76|48.14|96
china|chuxiong|2023-11-01|0.0|0.0|0|108.88|32.64|24
china|dali|2023-11-01|0.0|0.0|0|85.98|34.47|27
china|honghe|2023-11-01|0.0|0.0|0|105.55|34.85|27
china|kunming|2023-11-01|90.61|30.75|37|114.78|39.39|22
china|qujing|2023-11-01|0.0|0.0|0|96.55|37.44|25
china|yuxi|2023-11-01|0.0|0.0|0|142.03|39.41|23
china|zhaotong|2023-11-01|0.0|0.0|0|157.55|38.53|29
china|hangzhou|2023-11-01|197.53|33.64|18|242.64|36.69|5
china|huzhou|2023-11-01|207.26|34.77|19|243.25|36.55|10
china|jiaxing|2023-11-01|221.57|33.84|19|267.76|36.06|9
china|jinhua|2023-11-01|203.81|32.95|20|233.3|35.19|8
china|lishui|2023-11-01|162.45|42.46|25|228.4|35.62|13
china|ningbo|2023-11-01|217.52|33.42|19|257.01|52.58|6
china|quzhou|2023-11-01|0.0|0.0|0|257.11|34.9|9
china|shaoxing|2023-11-01|214.54|35.48|22|202.81|38.21|9
china|taizhou|2023-11-01|219.91|34.53|24|268.2|37.75|12
china|wenzhou|2023-11-01|209.58|35.62|22|265.04|36.21|11
china|zhoushan|2023-11-01|0.0|0.0|0|185.3|35.34|10
colombia|antioquia|2023-11-01|12.28|9.08|30|115.73|32.7|10
colombia|arauca|2023-11-01|0.0|0.0|0|28.9|21.81|5
colombia|atlantico|2023-11-01|13.09|10.4|37|120.62|68.22|8
colombia|bogota|2023-11-01|12.56|10.25|25|136.32|67.04|6
colombia|bolivar|2023-11-01|13.37|8.52|38|96.89|48.52|9
colombia|boyaca|2023-11-01|10.8|8.49|36|53.6|31.56|14
colombia|caldas|2023-11-01|11.34|9.27|39|85.47|24.85|20
colombia|caqueta|2023-11-01|0.0|0.0|0|24.44|24.57|23
colombia|casanare|2023-11-01|11.21|9.15|34|26.83|19.46|15
colombia|cauca-department|2023-11-01|9.72|8.04|43|68.93|30.55|18
colombia|cesar|2023-11-01|11.98|9.04|42|92.22|33.04|19
colombia|choco|2023-11-01|0.0|0.0|0|15.33|14.31|26
colombia|cordoba|2023-11-01|11.49|9.91|42|50.73|29.04|15
colombia|cundinamarca|2023-11-01|9.91|7.68|28|110.76|37.98|9
colombia|huila|2023-11-01|10.76|7.9|38|79.57|38.19|18
colombia|la-guajira|2023-11-01|12.72|8.77|52|55.18|32.01|30
colombia|magdalena|2023-11-01|13.02|9.73|40|93.4|32.7|15
colombia|meta|2023-11-01|11.27|9.81|32|94.63|42.65|10
colombia|narino|2023-11-01|11.13|10.49|46|64.62|32.83|21
colombia|north-santander|2023-11-01|11.49|11.55|38|93.0|32.92|22
colombia|putumayo|2023-11-01|0.0|0.0|0|38.73|35.12|14
colombia|quindio|2023-11-01|13.19|10.5|41|138.96|33.21|22
colombia|risaralda|2023-11-01|12.56|10.08|35|96.87|32.36|18
colombia|san-andres-and-providencia|2023-11-01|0.0|0.0|0|76.6|61.71|17
colombia|santander-department|2023-11-01|13.72|11.64|38|112.71|48.54|16
colombia|sucre|2023-11-01|10.16|9.04|41|53.16|28.38|14
colombia|tolima|2023-11-01|10.99|7.06|32|96.36|68.12|9
colombia|valle-del-cauca|2023-11-01|11.54|9.83|38|95.81|44.16|18
colombia|apartado|2023-11-01|0.0|0.0|0|49.33|19.9|26
colombia|bello|2023-11-01|9.63|9.52|25|136.87|27.76|9
colombia|caldas|2023-11-01|0.0|0.0|0|114.44|23.36|10
colombia|copacabana|2023-11-01|0.0|0.0|0|106.39|22.75|10
colombia|envigado|2023-11-01|16.0|10.4|26|162.02|30.22|10
colombia|girardota|2023-11-01|0.0|0.0|0|91.96|21.66|10
colombia|itagui|2023-11-01|9.68|9.86|26|196.86|66.57|7
colombia|la-ceja|2023-11-01|0.0|0.0|0|94.78|19.67|9
colombia|la-estrella|2023-11-01|0.0|0.0|0|163.7|28.26|10
colombia|marinilla|2023-11-01|0.0|0.0|0|58.8|34.73|10
colombia|medellin|2023-11-01|12.78|9.98|29|134.02|33.01|10
colombia|pan-de-azucar|2023-11-01|0.0|0.0|0|160.26|24.24|8
colombia|rionegro|2023-11-01|0.0|0.0|0|94.74|31.38|11
colombia|sabaneta|2023-11-01|0.0|0.0|0|181.92|32.73|9
colombia|san-antonio-de-prado|2023-11-01|0.0|0.0|0|123.91|20.48|10
colombia|san-jose|2023-11-01|0.0|0.0|0|173.2|27.12|9
colombia|arauca|2023-11-01|0.0|0.0|0|31.5|18.89|4
colombia|barranquilla|2023-11-01|13.66|10.57|37|118.62|62.04|9
colombia|soledad|2023-11-01|11.16|9.31|33|185.75|159.31|5
colombia|bogota|2023-11-01|12.56|10.25|25|136.52|67.22|6
colombia|cartagena|2023-11-01|15.12|9.56|37|148.17|94.18|7
colombia|magangue|2023-11-01|0.0|0.0|0|19.5|17.91|19
colombia|turbaco|2023-11-01|0.0|0.0|0|117.9|24.34|12
colombia|chiquinquira|2023-11-01|0.0|0.0|0|40.59|41.85|8
colombia|duitama|2023-11-01|0.0|0.0|0|91.87|29.2|17
colombia|sogamoso|2023-11-01|0.0|0.0|0|74.77|23.16|16
colombia|tunja|2023-11-01|11.34|9.21|31|91.86|32.4|14
colombia|la-dorada|2023-11-01|0.0|0.0|0|65.26|33.1|12
colombia|manizales|2023-11-01|12.66|11.49|37|118.14|25.65|22
colombia|villamaria|2023-11-01|0.0|0.0|0|113.77|25.48|22
colombia|florencia|2023-11-01|0.0|0.0|0|87.08|32.85|23
colombia|yopal|2023-11-01|0.0|0.0|0|75.82|28.48|16
colombia|popayan|2023-11-01|11.36|10.61|38|93.85|30.55|19
colombia|santander-de-quilichao|2023-11-01|0.0|0.0|0|56.29|31.12|21
colombia|valledupar|2023-11-01|15.48|10.63|42|124.64|34.19|18
colombia|lorica|2023-11-01|0.0|0.0|0|14.61|15.38|15
colombia|montelibano|2023-11-01|0.0|0.0|0|20.09|23.69|26
colombia|monteria|2023-11-01|20.58|12.59|38|91.82|32.43|14
colombia|sahagun|2023-11-01|0.0|0.0|0|27.57|29.95|16
colombia|cajica|2023-11-01|0.0|0.0|0|186.86|104.72|6
colombia|chia|2023-11-01|11.52|10.24|24|174.14|33.26|8
colombia|cota|2023-11-01|0.0|0.0|0|123.55|32.8|8
colombia|el-tejar|2023-11-01|0.0|0.0|0|190.48|121.74|6
colombia|facatativa|2023-11-01|0.0|0.0|0|160.23|39.11|9
colombia|funza|2023-11-01|0.0|0.0|0|161.56|32.93|9
colombia|fusagasuga|2023-11-01|0.0|0.0|0|74.87|31.74|10
colombia|fute|2023-11-01|0.0|0.0|0|244.0|249.96|7
colombia|girardot|2023-11-01|0.0|0.0|0|93.45|29.89|12
colombia|la-serena|2023-11-01|0.0|0.0|0|90.84|32.89|11
colombia|madrid|2023-11-01|0.0|0.0|0|153.54|33.53|9
colombia|mosquera|2023-11-01|0.0|0.0|0|125.13|43.66|8
colombia|ricaurte|2023-11-01|0.0|0.0|0|53.63|24.18|13
colombia|soacha|2023-11-01|8.56|10.46|23|131.43|32.58|9
colombia|zipaquira|2023-11-01|0.0|0.0|0|120.4|33.26|9
colombia|neiva|2023-11-01|11.6|8.38|36|93.55|32.76|18
colombia|pitalito|2023-11-01|0.0|0.0|0|48.58|46.76|16
colombia|maicao|2023-11-01|0.0|0.0|0|56.06|67.1|6
colombia|riohacha|2023-11-01|0.0|0.0|0|77.42|29.98|34
colombia|gaira|2023-11-01|0.0|0.0|0|133.52|41.69|19
colombia|santa-marta|2023-11-01|14.04|9.55|40|94.89|32.83|20
colombia|acacias|2023-11-01|0.0|0.0|0|75.31|32.97|12
colombia|granada|2023-11-01|0.0|0.0|0|22.04|21.48|8
colombia|villavicencio|2023-11-01|12.85|11.66|30|147.96|48.18|10
colombia|ipiales|2023-11-01|0.0|0.0|0|66.48|63.17|22
colombia|pasto|2023-11-01|12.38|13.91|45|87.87|31.81|21
colombia|cucuta|2023-11-01|11.65|11.81|36|94.41|32.81|23
colombia|los-patios|2023-11-01|0.0|0.0|0|126.08|32.89|22
colombia|villa-del-rosario|2023-11-01|0.0|0.0|0|94.68|43.49|20
colombia|armenia|2023-11-01|14.32|11.38|39|170.7|43.86|22
colombia|dosquebradas|2023-11-01|0.0|0.0|0|117.18|30.86|18
colombia|pereira|2023-11-01|13.34|12.12|34|99.23|31.94|18
colombia|santa-rosa-de-cabal|2023-11-01|0.0|0.0|0|45.53|31.6|15
colombia|san-andres|2023-11-01|0.0|0.0|0|74.84|63.13|17
colombia|barrancabermeja|2023-11-01|0.0|0.0|0|94.2|26.53|27
colombia|bucaramanga|2023-11-01|14.97|14.25|34|127.59|58.92|16
colombia|floridablanca|2023-11-01|17.25|12.61|37|157.28|33.2|16
colombia|giron|2023-11-01|0.0|0.0|0|165.31|94.6|16
colombia|piedecuesta|2023-11-01|0.0|0.0|0|138.33|32.04|20
colombia|san-gil|2023-11-01|0.0|0.0|0|43.18|28.06|14
colombia|sincelejo|2023-11-01|0.0|0.0|0|81.4|27.4|14
colombia|el-espinal|2023-11-01|0.0|0.0|0|94.53|37.92|9
colombia|ibague|2023-11-01|10.99|7.66|30|131.46|73.38|9
colombia|arroyo-hondo|2023-11-01|0.0|0.0|0|76.18|42.4|12
colombia|buga|2023-11-01|0.0|0.0|0|91.05|32.9|15
colombia|cali|2023-11-01|12.03|10.32|38|100.03|44.22|18
colombia|cartago|2023-11-01|0.0|0.0|0|91.0|19.3|28
colombia|jamundi|2023-11-01|0.0|0.0|0|108.67|33.1|17
colombia|palmira|2023-11-01|0.0|0.0|0|133.16|32.88|18
colombia|tulua|2023-11-01|0.0|0.0|0|108.08|32.69|19
colombia|yumbo|2023-11-01|0.0|0.0|0|82.67|32.93|16
congo|brazzaville|2023-11-01|0.0|0.0|0|39.39|15.03|8
congo|pointe-noire|2023-11-01|0.0|0.0|0|42.36|14.29|8
congo|brazzaville|2023-11-01|0.0|0.0|0|39.4|14.75|8
congo|pointe-noire|2023-11-01|0.0|0.0|0|41.08|13.94|8
costa-rica|alajuela|2023-11-01|23.72|7.38|23|73.17|31.86|8
costa-rica|cartago|2023-11-01|25.98|7.97|22|84.26|31.1|5
costa-rica|guanacaste|2023-11-01|28.65|6.95|27|67.8|24.26|14
costa-rica|heredia-province|2023-11-01|27.89|8.08|22|89.76|38.21|6
costa-rica|limon|2023-11-01|24.64|8.24|26|54.08|12.59|14
costa-rica|puntarenas|2023-11-01|29.02|5.71|27|58.8|28.8|11
costa-rica|san-jose|2023-11-01|25.85|8.24|22|92.12|46.1|5
costa-rica|alajuela|2023-11-01|21.84|9.19|22|71.25|35.52|7
costa-rica|atenas|2023-11-01|0.0|0.0|0|95.3|61.36|7
costa-rica|grecia|2023-11-01|0.0|0.0|0|80.16|18.79|11
costa-rica|guacima|2023-11-01|0.0|0.0|0|83.55|31.23|8
costa-rica|la-garita|2023-11-01|0.0|0.0|0|81.91|14.73|11
costa-rica|orotina|2023-11-01|0.0|0.0|0|59.56|16.61|10
costa-rica|palmares|2023-11-01|0.0|0.0|0|71.39|21.44|11
costa-rica|quesada|2023-11-01|0.0|0.0|0|71.57|45.74|7
costa-rica|rio-segundo|2023-11-01|0.0|0.0|0|47.63|22.83|7
costa-rica|san-antonio|2023-11-01|0.0|0.0|0|85.93|38.99|6
costa-rica|san-jose|2023-11-01|0.0|0.0|0|89.71|25.93|10
costa-rica|san-rafael|2023-11-01|0.0|0.0|0|88.74|47.06|6
costa-rica|san-ramon|2023-11-01|0.0|0.0|0|72.68|19.06|11
costa-rica|tambor|2023-11-01|0.0|0.0|0|94.36|45.27|10
costa-rica|cartago|2023-11-01|23.89|9.14|22|78.0|17.18|6
costa-rica|el-tejar-de-el-guarco|2023-11-01|0.0|0.0|0|90.73|26.1|7
costa-rica|paraiso|2023-11-01|0.0|0.0|0|77.34|30.99|6
costa-rica|san-diego|2023-11-01|0.0|0.0|0|106.87|81.33|4
costa-rica|san-rafael|2023-11-01|0.0|0.0|0|94.84|39.28|5
costa-rica|tres-rios|2023-11-01|0.0|0.0|0|87.24|51.96|5
costa-rica|turrialba|2023-11-01|0.0|0.0|0|56.0|14.33|10
costa-rica|liberia|2023-11-01|0.0|0.0|0|70.28|14.4|15
costa-rica|nicoya|2023-11-01|0.0|0.0|0|52.55|16.94|10
costa-rica|tilaran|2023-11-01|0.0|0.0|0|59.42|10.42|14
costa-rica|heredia|2023-11-01|0.0|0.0|0|79.72|30.18|7
costa-rica|rincon-de-sabanilla|2023-11-01|0.0|0.0|0|95.86|52.45|5
costa-rica|san-antonio|2023-11-01|0.0|0.0|0|84.86|49.3|5
costa-rica|san-juan|2023-11-01|0.0|0.0|0|94.84|63.34|5
costa-rica|san-pablo|2023-11-01|0.0|0.0|0|92.19|38.55|5
costa-rica|san-rafael|2023-11-01|0.0|0.0|0|78.56|37.92|5
costa-rica|guapiles|2023-11-01|0.0|0.0|0|66.12|27.75|10
costa-rica|limon|2023-11-01|0.0|0.0|0|74.1|10.4|16
costa-rica|barranca|2023-11-01|0.0|0.0|0|71.67|10.5|13
costa-rica|el-roble|2023-11-01|0.0|0.0|0|54.04|22.59|11
costa-rica|espiritu-santo|2023-11-01|0.0|0.0|0|66.04|18.64|13
costa-rica|jaco|2023-11-01|0.0|0.0|0|77.16|20.56|13
costa-rica|quepos|2023-11-01|0.0|0.0|0|53.54|19.13|11
costa-rica|alajuelita|2023-11-01|0.0|0.0|0|94.86|30.15|7
costa-rica|aserri|2023-11-01|0.0|0.0|0|98.47|55.63|4
costa-rica|calle-blancos|2023-11-01|0.0|0.0|0|92.43|71.77|4
costa-rica|ciudad-colon|2023-11-01|0.0|0.0|0|90.92|30.72|7
costa-rica|concepcion|2023-11-01|0.0|0.0|0|96.34|35.11|6
costa-rica|curridabat|2023-11-01|21.48|6.74|23|97.54|33.28|6
costa-rica|desamparados|2023-11-01|28.57|11.14|22|98.41|70.84|4
costa-rica|escazu|2023-11-01|0.0|0.0|0|91.3|28.84|7
costa-rica|granadilla|2023-11-01|0.0|0.0|0|101.73|47.35|5
costa-rica|guadalupe|2023-11-01|0.0|0.0|0|93.28|69.33|4
costa-rica|ipis-de-goicoechea|2023-11-01|0.0|0.0|0|94.37|30.03|8
costa-rica|mata-de-platano|2023-11-01|0.0|0.0|0|108.78|93.82|3
costa-rica|mercedes|2023-11-01|0.0|0.0|0|82.56|36.08|6
costa-rica|patarra|2023-11-01|0.0|0.0|0|73.9|58.91|4
costa-rica|piedades|2023-11-01|0.0|0.0|0|95.52|20.05|10
costa-rica|pozos|2023-11-01|0.0|0.0|0|92.81|31.67|7
costa-rica|rio-oro|2023-11-01|0.0|0.0|0|104.46|25.17|10
costa-rica|sabanilla|2023-11-01|0.0|0.0|0|88.06|27.3|8
costa-rica|san-antonio|2023-11-01|0.0|0.0|0|73.3|44.31|5
costa-rica|san-antonio-de-desamparados|2023-11-01|0.0|0.0|0|107.19|91.75|4
costa-rica|san-isidro|2023-11-01|0.0|0.0|0|94.27|45.03|5
costa-rica|san-isidro-de-el-general|2023-11-01|0.0|0.0|0|66.04|10.46|15
costa-rica|san-jose|2023-11-01|25.2|8.06|22|93.72|62.71|4
costa-rica|san-juan-de-dios|2023-11-01|0.0|0.0|0|95.59|63.22|4
costa-rica|san-pedro|2023-11-01|33.34|12.13|21|66.21|31.46|6
costa-rica|san-rafael|2023-11-01|24.71|8.75|21|93.02|32.8|7
costa-rica|san-rafael|2023-11-01|24.71|8.75|21|93.02|32.8|7
costa-rica|san-rafael-arriba|2023-11-01|0.0|0.0|0|101.25|72.12|4
costa-rica|san-vicente|2023-11-01|0.0|0.0|0|90.95|26.02|9
costa-rica|santa-ana|2023-11-01|0.0|0.0|0|93.98|31.05|8
costa-rica|tirrases|2023-11-01|0.0|0.0|0|98.32|18.94|11
croatia|bjelovar-bilogora-county|2023-11-01|65.54|13.47|23|35.34|22.49|12
croatia|brod-posavina-county|2023-11-01|75.23|14.04|26|41.76|19.44|14
croatia|city-of-zagreb|2023-11-01|95.69|18.23|20|104.1|33.62|7
croatia|dubrovnik-neretva-county|2023-11-01|96.89|17.66|31|32.02|13.67|16
croatia|istria-county|2023-11-01|88.92|14.24|25|40.21|18.34|9
croatia|karlovac-county|2023-11-01|63.85|12.44|21|31.17|16.59|12
croatia|koprivnica-krizevci-county|2023-11-01|70.78|12.63|22|41.18|23.34|10
croatia|krapina-zagorje-county|2023-11-01|62.16|11.21|22|27.1|11.66|12
croatia|lika-senj-county|2023-11-01|0.0|0.0|0|28.61|17.06|13
croatia|medjimurje-county|2023-11-01|86.85|15.39|22|51.71|35.61|10
croatia|osijek-baranja-county|2023-11-01|109.21|19.74|23|39.59|17.84|14
croatia|pozega-slavonia-county|2023-11-01|0.0|0.0|0|32.92|15.24|14
croatia|primorje-gorski-kotar-county|2023-11-01|104.45|17.08|22|44.38|19.89|9
croatia|sisak-moslavina-county|2023-11-01|66.57|11.88|21|56.9|29.65|7
croatia|split-dalmatia-county|2023-11-01|88.4|14.1|27|43.75|18.46|12
croatia|varazdin-county|2023-11-01|66.97|12.65|20|45.72|25.64|9
croatia|virovitica-podravina-county|2023-11-01|0.0|0.0|0|34.2|11.94|16
croatia|vukovar-srijem-county|2023-11-01|90.83|16.05|24|40.11|19.97|12
croatia|zadar-county|2023-11-01|90.28|14.36|28|48.39|19.39|14
croatia|zagreb-county|2023-11-01|77.71|14.44|19|77.73|36.84|6
croatia|sibenik-knin-county|2023-11-01|105.63|15.54|28|27.53|10.17|14
croatia|bjelovar|2023-11-01|0.0|0.0|0|56.77|22.76|10
croatia|slavonski-brod|2023-11-01|89.49|17.08|24|57.22|24.44|13
croatia|odra|2023-11-01|0.0|0.0|0|131.13|19.52|10
croatia|sesvete|2023-11-01|120.44|23.18|17|144.36|85.47|4
croatia|strmec|2023-11-01|0.0|0.0|0|86.55|61.39|4
croatia|zagreb|2023-11-01|102.71|19.36|20|103.81|42.81|7
croatia|dubrovnik|2023-11-01|0.0|0.0|0|29.1|11.0|17
croatia|pula|2023-11-01|136.07|18.45|24|51.26|19.1|11
croatia|rovinj|2023-11-01|0.0|0.0|0|42.1|26.85|8
croatia|karlovac|2023-11-01|0.0|0.0|0|56.34|19.8|9
croatia|koprivnica|2023-11-01|0.0|0.0|0|70.27|49.55|9
croatia|krizevci|2023-11-01|0.0|0.0|0|34.36|21.23|13
croatia|cakovec|2023-11-01|0.0|0.0|0|52.57|34.97|9
croatia|gasinci|2023-11-01|0.0|0.0|0|35.95|12.14|14
croatia|osijek|2023-11-01|167.07|28.48|21|73.36|31.71|11
croatia|cepin|2023-11-01|0.0|0.0|0|36.46|11.37|14
croatia|djakovo|2023-11-01|0.0|0.0|0|31.28|10.82|14
croatia|pozega|2023-11-01|0.0|0.0|0|57.55|34.81|11
croatia|rijeka|2023-11-01|126.35|22.68|20|108.9|46.14|8
croatia|kutina|2023-11-01|0.0|0.0|0|48.64|38.03|6
croatia|sisak|2023-11-01|0.0|0.0|0|74.19|23.12|8
croatia|klis|2023-11-01|0.0|0.0|0|32.86|15.52|18
croatia|makarska|2023-11-01|0.0|0.0|0|34.44|14.66|13
croatia|solin|2023-11-01|0.0|0.0|0|47.32|19.23|11
croatia|split|2023-11-01|144.38|22.76|25|62.47|19.36|12
croatia|trnovec-bartolovecki|2023-11-01|0.0|0.0|0|111.41|109.88|3
croatia|varazdin|2023-11-01|89.16|17.95|19|67.34|51.51|7
croatia|virovitica|2023-11-01|0.0|0.0|0|49.28|38.08|11
croatia|vinkovci|2023-11-01|0.0|0.0|0|59.19|34.75|10
croatia|vukovar|2023-11-01|0.0|0.0|0|94.4|64.39|8
croatia|zadar|2023-11-01|97.52|18.01|28|69.54|22.89|13
croatia|donja-lomnica|2023-11-01|0.0|0.0|0|136.01|83.0|5
croatia|dugo-selo|2023-11-01|0.0|0.0|0|133.43|65.48|5
croatia|samobor|2023-11-01|0.0|0.0|0|87.29|44.99|4
croatia|velika-gorica|2023-11-01|147.42|23.06|18|123.28|65.1|5
croatia|velika-mlaka|2023-11-01|0.0|0.0|0|178.86|101.34|4
croatia|zapresic|2023-11-01|0.0|0.0|0|137.91|52.05|6
croatia|sibenik|2023-11-01|0.0|0.0|0|75.61|24.28|12
cuba|havana|2023-11-01|5.03|3.46|123|1.94|0.71|120
cuba|matanzas|2023-11-01|0.0|0.0|0|7.42|6.83|76
cuba|havana|2023-11-01|5.03|3.46|123|1.94|0.71|120
cyprus|famagusta|2023-11-01|0.0|0.0|0|24.52|10.68|9
cyprus|girne|2023-11-01|0.0|0.0|0|15.44|3.97|9
cyprus|larnaca|2023-11-01|61.15|11.52|17|83.47|39.06|6
cyprus|limassol|2023-11-01|57.33|10.29|17|91.92|43.79|6
cyprus|nicosia|2023-11-01|78.98|14.37|16|86.99|32.28|7
cyprus|paphos|2023-11-01|55.45|10.3|19|46.72|28.11|9
cyprus|ayia-napa|2023-11-01|0.0|0.0|0|35.39|21.47|6
cyprus|famagusta|2023-11-01|0.0|0.0|0|12.32|3.99|17
cyprus|paralimni|2023-11-01|0.0|0.0|0|50.88|33.42|6
cyprus|girne|2023-11-01|0.0|0.0|0|15.6|4.0|6
cyprus|aradippou|2023-11-01|0.0|0.0|0|101.3|48.56|5
cyprus|larnaca|2023-11-01|58.63|10.61|17|89.76|32.22|8
cyprus|agios-athanasios|2023-11-01|0.0|0.0|0|99.29|44.58|6
cyprus|agios-tychon|2023-11-01|0.0|0.0|0|103.36|55.96|5
cyprus|germasogeia|2023-11-01|0.0|0.0|0|102.4|48.86|5
cyprus|kato-polemidia|2023-11-01|0.0|0.0|0|104.99|34.68|9
cyprus|limassol|2023-11-01|58.05|10.9|17|93.7|43.4|6
cyprus|mesa-geitonia|2023-11-01|0.0|0.0|0|99.04|32.39|9
cyprus|aglantzia|2023-11-01|0.0|0.0|0|104.76|32.4|8
cyprus|egkomi|2023-11-01|0.0|0.0|0|99.86|33.02|8
cyprus|lakatamia|2023-11-01|0.0|0.0|0|104.91|33.91|8
cyprus|latsia|2023-11-01|0.0|0.0|0|107.34|34.94|8
cyprus|nicosia|2023-11-01|71.79|13.46|16|69.05|26.05|8
cyprus|strovolos|2023-11-01|180.78|22.95|14|107.2|33.5|8
cyprus|chloraka|2023-11-01|0.0|0.0|0|67.89|38.77|8
cyprus|paphos|2023-11-01|69.5|10.62|19|61.04|32.65|7
cyprus|peyia|2023-11-01|0.0|0.0|0|36.8|21.74|13
czechia|central-bohemian-region|2023-11-01|46.83|14.18|21|70.54|25.18|9
czechia|hlavni-mesto-praha|2023-11-01|73.85|21.02|20|70.12|23.14|9
czechia|hradec-kralove-region|2023-11-01|44.86|14.65|26|52.56|21.48|12
czechia|karlovy-vary-region|2023-11-01|50.06|17.32|25|53.36|24.46|11
czechia|liberec-region|2023-11-01|47.38|15.8|24|50.13|22.91|11
czechia|moravian-silesian-region|2023-11-01|73.76|18.15|27|63.27|25.11|13
czechia|olomouc-region|2023-11-01|62.34|16.37|24|53.92|22.43|12
czechia|pardubice-region|2023-11-01|42.99|14.22|24|48.77|18.5|12
czechia|plzen-region|2023-11-01|64.44|20.07|22|56.38|25.57|9
czechia|south-bohemian-region|2023-11-01|46.81|18.49|22|51.18|24.77|11
czechia|south-moravian-region|2023-11-01|60.03|14.82|22|73.65|24.76|10
czechia|vysocina-region|2023-11-01|47.02|13.33|24|53.25|23.27|11
czechia|zlin-region|2023-11-01|68.87|16.58|28|47.4|21.58|13
czechia|usti-nad-labem-region|2023-11-01|44.05|15.21|21|69.8|26.04|10
czechia|brandys-nad-labem-stara-boleslav|2023-11-01|0.0|0.0|0|77.55|59.66|6
czechia|jesenice|2023-11-01|0.0|0.0|0|74.0|50.65|6
czechia|kladno|2023-11-01|0.0|0.0|0|74.24|30.73|7
czechia|kolin|2023-11-01|0.0|0.0|0|56.74|25.26|8
czechia|kutna-hora|2023-11-01|0.0|0.0|0|38.75|15.97|11
czechia|mlada-boleslav|2023-11-01|0.0|0.0|0|86.27|78.96|5
czechia|pruhonice|2023-11-01|0.0|0.0|0|72.15|56.96|6
czechia|pribram|2023-11-01|0.0|0.0|0|82.29|24.56|11
czechia|rudna|2023-11-01|0.0|0.0|0|81.18|79.93|4
czechia|ricany|2023-11-01|0.0|0.0|0|61.05|29.47|6
czechia|prague|2023-11-01|73.85|21.02|20|70.12|23.13|9
czechia|dohalice|2023-11-01|0.0|0.0|0|70.26|22.32|13
czechia|hradec-kralove|2023-11-01|0.0|0.0|0|57.76|24.53|11
czechia|nachod|2023-11-01|0.0|0.0|0|56.95|29.7|10
czechia|cheb|2023-11-01|0.0|0.0|0|63.59|22.69|12
czechia|karlovy-vary|2023-11-01|0.0|0.0|0|44.93|24.56|10
czechia|ceska-lipa|2023-11-01|0.0|0.0|0|77.46|24.88|10
czechia|jablonec-nad-nisou|2023-11-01|0.0|0.0|0|55.75|22.13|12
czechia|krystofovo-udoli|2023-11-01|0.0|0.0|0|54.55|22.44|11
czechia|liberec|2023-11-01|0.0|0.0|0|58.0|25.04|12
czechia|turnov|2023-11-01|0.0|0.0|0|44.9|28.48|8
czechia|frydek-mistek|2023-11-01|0.0|0.0|0|78.22|48.26|15
czechia|karvina|2023-11-01|0.0|0.0|0|76.87|23.96|19
czechia|krnov|2023-11-01|0.0|0.0|0|73.53|74.54|9
czechia|opava|2023-11-01|0.0|0.0|0|84.04|49.03|12
czechia|ostrava|2023-11-01|102.54|23.98|26|74.87|25.2|12
czechia|rychvald|2023-11-01|0.0|0.0|0|67.83|25.52|14
czechia|trinec|2023-11-01|0.0|0.0|0|50.02|18.01|19
czechia|olomouc|2023-11-01|0.0|0.0|0|63.87|23.97|12
czechia|prerov|2023-11-01|0.0|0.0|0|92.14|54.57|13
czechia|prostejov|2023-11-01|0.0|0.0|0|68.63|47.07|10
czechia|sumperk|2023-11-01|0.0|0.0|0|64.16|23.35|12
czechia|chrudim|2023-11-01|0.0|0.0|0|69.61|26.93|7
czechia|dolni-roven|2023-11-01|0.0|0.0|0|55.52|21.05|10
czechia|pardubice|2023-11-01|0.0|0.0|0|55.73|24.35|8
czechia|ceska-trebova|2023-11-01|0.0|0.0|0|68.51|18.09|12
czechia|klatovy|2023-11-01|0.0|0.0|0|57.71|22.41|9
czechia|pilsen|2023-11-01|103.35|29.68|20|75.97|43.44|8
czechia|jindrichuv-hradec|2023-11-01|0.0|0.0|0|48.04|24.3|9
czechia|tabor|2023-11-01|0.0|0.0|0|59.28|45.78|11
czechia|blansko|2023-11-01|0.0|0.0|0|80.7|41.56|11
czechia|breclav|2023-11-01|0.0|0.0|0|80.07|55.29|6
czechia|brno|2023-11-01|65.8|16.89|19|80.74|24.41|10
czechia|hodonin|2023-11-01|0.0|0.0|0|65.23|48.9|3
czechia|znojmo|2023-11-01|0.0|0.0|0|65.4|14.24|7
czechia|havlickuv-brod|2023-11-01|0.0|0.0|0|56.21|20.0|6
czechia|jihlava|2023-11-01|0.0|0.0|0|71.51|60.68|9
czechia|pelhrimov|2023-11-01|0.0|0.0|0|68.52|45.43|7
czechia|trebic|2023-11-01|0.0|0.0|0|65.21|25.44|12
czechia|velke-mezirici|2023-11-01|0.0|0.0|0|44.29|23.89|10
czechia|zdar-nad-sazavou|2023-11-01|0.0|0.0|0|70.07|30.22|8
czechia|kromeriz|2023-11-01|0.0|0.0|0|44.12|13.01|19
czechia|roznov-pod-radhostem|2023-11-01|0.0|0.0|0|47.7|27.77|8
czechia|uherske-hradiste|2023-11-01|0.0|0.0|0|67.4|26.62|11
czechia|uhersky-brod|2023-11-01|0.0|0.0|0|41.74|22.51|11
czechia|valasske-mezirici|2023-11-01|0.0|0.0|0|39.62|17.68|8
czechia|vsetin|2023-11-01|0.0|0.0|0|74.6|29.06|4
czechia|zlin|2023-11-01|0.0|0.0|0|66.06|24.62|12
czechia|chomutov|2023-11-01|0.0|0.0|0|144.84|94.6|6
czechia|chuderov|2023-11-01|0.0|0.0|0|58.11|44.17|3
czechia|decin|2023-11-01|0.0|0.0|0|64.42|22.83|11
czechia|malsovice|2023-11-01|0.0|0.0|0|76.41|24.44|11
czechia|most|2023-11-01|0.0|0.0|0|95.01|50.22|7
czechia|teplice|2023-11-01|0.0|0.0|0|77.14|24.44|12
czechia|usti-nad-labem|2023-11-01|0.0|0.0|0|86.2|47.91|8
czechia|ceska-kamenice|2023-11-01|0.0|0.0|0|55.3|20.91|12
cote-d'ivoire|lagunes|2023-11-01|29.66|14.27|22|59.66|25.4|5
cote-d'ivoire|abidjan|2023-11-01|29.64|14.58|22|59.92|25.59|5
